{
    "condition": "minecraft:any_of",
    "terms": [
      {
        "condition": "minecraft:entity_properties",
        "entity": "this",
        "predicate": {
          "effects": {
            "minecraft:glowing": {
              "amplifier": {
                "min": 1,
                "max": 255
              },
              "duration": {
                "min": -2147483648,
                "max": 2147483647
              }
            }
          }
        }
      },
      {
        "condition": "minecraft:entity_properties",
        "entity": "this",
        "predicate": {
          "nbt": "{Glowing:1b}"
        }
      }
    ]
  }
  